<?xml version="1.0" encoding="UTF-8"?>
<beans xmlns="http://www.springframework.org/schema/beans"
	xmlns:xsi="http://www.w3.org/2001/XMLSchema-instance" xmlns:p="http://www.springframework.org/schema/p"
	xmlns:context="http://www.springframework.org/schema/context"
	xmlns:mvc="http://www.springframework.org/schema/mvc"
	xsi:schemaLocation="http://www.springframework.org/schema/beans  
                        http://www.springframework.org/schema/beans/spring-beans-3.1.xsd  
                        http://www.springframework.org/schema/context  
                        http://www.springframework.org/schema/context/spring-context-3.1.xsd  
                        http://www.springframework.org/schema/mvc  
                        http://www.springframework.org/schema/mvc/spring-mvc-4.0.xsd">
    <!-- import db configuration file -->
    <import resource="classpath:spring/applicationContext-dataSource.xml"/>
    
    <!-- Annotation support, Activates various annotations to be detected in bean classes.
    	(e.g @Required, @Autowired, @Configuration, JSR-250 support and JPA support) -->
    <context:annotation-config />
    
	<!-- Scan automatically -->
	<context:component-scan base-package="mytld.mycompany.myapp" />
	
	<!-- avoid show download window ,when send ajax request from IE -->
	<bean id="mappingJacksonHttpMessageConverter"
		class="org.springframework.http.converter.json.MappingJacksonHttpMessageConverter">
		<property name="supportedMediaTypes">
			<list>
				<value>text/html;charset=UTF-8</value>
			</list>
		</property>
	</bean>
	<!-- SpringMVC annotation support -->
	<bean
		class="org.springframework.web.servlet.mvc.annotation.AnnotationMethodHandlerAdapter">
		<property name="messageConverters">
			<list>
				<ref bean="mappingJacksonHttpMessageConverter" />	<!-- JSON converter -->
			</list>
		</property>
	</bean>
	
	<!-- define the resolver for views-->
	<bean class="org.springframework.web.servlet.view.InternalResourceViewResolver">
		<!-- add prefix and suffix to the view path -->
		<property name="prefix" value="/WEB-INF/views/" />
		<property name="suffix" value=".jsp" />
	</bean>
	
	<!-- static files support -->
	<mvc:resources mapping="/resources/**" location="/resources/mytheme/" />
	
	<!-- Register the resolver(e.g DefaultAnnotationHandlerMapping and AnnotationMethodHandlerAdapter) 
		for Spring MVC dispatcher -->
	<mvc:annotation-driven />
	
	<!-- file upload support -->
	<!-- bean id="multipartResolver"  
        class="org.springframework.web.multipart.commons.CommonsMultipartResolver">  --> 
        <!-- default encoding -->
        <!-- <property name="defaultEncoding" value="utf-8" />   -->
        <!-- max upload size -->
        <!-- <property name="maxUploadSize" value="10485760000" />   -->
        <!-- max in memory size -->
        <!-- <property name="maxInMemorySize" value="40960" />  
    </bean>  -->

</beans>
