{
	"info" : {
		"elements" : {
			"element" :	[
				{
					"name" : "mysql-jdbc-url",
					"description" : "Please specify the jdbc url of mysql e.g. jdbc:mysql://127.0.0.1:3306/test",
					"type" : "java.lang.String",
					"page" : 0,
					"required" : true,
				},{
					"name" : "mysql-username",
					"description" : "Please enter the username of mysql",
					"type" : "java.lang.String",
					"page" : 0,
					"required" : true,
				},{
					"name" : "mysql-password",
					"description" : "Please enter the password of mysql",
					"type" : "java.lang.String",
					"page" : 0,
					"required" : true,
				},{
					"name" : "web-context-root",
					"description" : "Please enter the context root",
					"type" : "java.lang.String",
					"page" : 0,
					"required" : true,
				},{
					"name" : "mybatis-mapper-locations",
					"description" : "Please specify the mapperLocations e.g. com/mycompany/myapp",
					"type" : "java.lang.String",
					"page" : 0,
					"required" : true,
					"pattern" : "\\w+\\/\\w+(\\/\\w+)+",
				},{
					"name" : "topLevelPackage",
					"description" : "Please specify the top-level package e.g. com.mycompany.myapp",
					"type" : "java.lang.String",
					"page" : 0,
					"required" : true,
					"pattern" : "\\w+\\.\\w+(\\.\\w+)+",
					"replaceKind" : "topLevelPackage"
				}
			]
		},

		"topLevelPackage" : "mytld.mycompany.myapp.mysubsystem",

		"projectName" : "projectName",
		
		"pages" : {
			"page" : [
					{
					"order" : 0,
					"description" : "Project Settings"
				}
			]
		}
	}
}
